{
  "checkpoint": "outputs/edm_dps_20pct_8213218/mnist_edm_epoch_1.pt",
  "device": "cuda",
  "num_pixels": 784,
  "num_snapshots": 1024,
  "observed_fraction": 0.2,
  "score_eval_sigma": 0.1,
  "sample_snapshot_metrics": {
    "k95_energy": 46,
    "k99_energy": 154,
    "participation_ratio": 1.7351651191711426,
    "largest_singular_value": 735.7954711914062,
    "smallest_singular_value": 4.601221035855762e-15
  },
  "score_snapshot_metrics": {
    "k95_energy": 293,
    "k99_energy": 464,
    "participation_ratio": 8.786005973815918,
    "largest_singular_value": 2569.161865234375,
    "smallest_singular_value": 0.8657457828521729
  }
}